filename, resource
rarepizzas-unopenedbox.0.png,https://gateway.pinata.cloud/ipfs/QmRrMg2EkgRJ2GnYEoe4nJbMNGyRGbXbMjYCi26HR1NvgX
rarepizzas-unopenedbox.1.png,https://gateway.pinata.cloud/ipfs/QmNRMZQtpV61FtpcNrNLRYW3ksx6n7eDCmK8vSTcuFktEo
rarepizzas-unopenedbox.2.png,https://gateway.pinata.cloud/ipfs/Qmc1jLtAsKF9KPhw59MJguNVG9qfiF5QPB6Dzw4GjxBBen
rarepizzas-unopenedbox.3.png,https://gateway.pinata.cloud/ipfs/QmRfWRUhYv7R72WE9psp3xZwNfxU4rAP6uR41EpL5LgmPk
rarepizzas-unopenedbox.4.png,https://gateway.pinata.cloud/ipfs/QmZi3kdf4fSQ2tnRNVVbgRBPt7KVmwjXRGK6a7di5tH5bA
rarepizzas-unopenedbox.5.png,https://gateway.pinata.cloud/ipfs/QmQXZ5UiMD38iWnL1KAdqLdVKwZZcfA98FGzwyo77Yu1DC
rarepizzas-unopenedbox.6.png,https://gateway.pinata.cloud/ipfs/QmbYNh7SxYU53QCvRz4tJhr5Jmhh7mU9VZowPaRLqg1nME
rarepizzas-unopenedbox.7.png,https://gateway.pinata.cloud/ipfs/Qmc8yPcL2wUwNXisuR6v2fm6hxf7H7mHGVK4kpPxGRdvLT
rarepizzas-unopenedbox.8.png,https://gateway.pinata.cloud/ipfs/QmNgrR3bYKTKgioaP7GCpodx98Mq8smNxLP7WWBj18Y5Qz
rarepizzas-unopenedbox.9.png,https://gateway.pinata.cloud/ipfs/Qmf2gQPsXn82ajQ9aaBxtSW6WTqQFSa1t7Kmi8oWtzy6oq
rarepizzas-unopenedbox.10.png,https://gateway.pinata.cloud/ipfs/QmNwzKSPyvqKwRBVJKVgip1C1y2ujGySY5Q3QSRpV2pH9a
rarepizzas-unopenedbox.11.png,https://gateway.pinata.cloud/ipfs/Qma967xh6sm1qRBnXw1uYhmZiPkCZdrVnBf1wBh8LtSsYQ
rarepizzas-unopenedbox.12.png,https://gateway.pinata.cloud/ipfs/QmYb7xDT9JjA5eQvVQjx5xRHY38YBAu9PM4s7gn2cq7vGr
rarepizzas-unopenedbox.13.png,https://gateway.pinata.cloud/ipfs/QmbH3DyXLQqimcYBwt82EiupEmNHuXeZJD5ihaDXJMnwtC
rarepizzas-unopenedbox.14.png,https://gateway.pinata.cloud/ipfs/QmTrx8SyqEeQUfoggFcAa6cVMCrqp5nt7a8P8GS4MYjmb3
rarepizzas-unopenedbox.15.png,https://gateway.pinata.cloud/ipfs/Qmetie6YZiVFZ6X5mJsnbJivRZZv7HoGSPfs5AqN4wSA8Z
rarepizzas-unopenedbox.16.png,https://gateway.pinata.cloud/ipfs/QmTxthNLCynwiJr5icursR9kiaerhsy8qQs55UHaExWeRR
rarepizzas-unopenedbox.17.png,https://gateway.pinata.cloud/ipfs/QmUHQx423uXAxqHzB9rmcUU662Zcmt4nSjoSjGtC19KLnw
rarepizzas-unopenedbox.18.png,https://gateway.pinata.cloud/ipfs/QmVotDPJuDqcw43G79J1vRw59ZzUyqjxR5Tfs1TJJjrWdj
rarepizzas-unopenedbox.19.png,https://gateway.pinata.cloud/ipfs/QmTUAMCZu2HP9NveMu5Q56KHAJRUSN1yMaxK1dKCZpVH38
rarepizzas-unopenedbox.20.png,https://gateway.pinata.cloud/ipfs/QmZiwTr2goZ236ARHZ1RLpVdBErWKAun4RU3fh9CjPeYuv
rarepizzas-unopenedbox.21.png,https://gateway.pinata.cloud/ipfs/QmY6wdBUVStnxnFJ9r3ARBprhEC9WKtGuE9gg93jMdt9ex
rarepizzas-unopenedbox.22.png,https://gateway.pinata.cloud/ipfs/QmdoGv7qERkyas4GNvp6AawTbUoRCGZHVhe6nFuYRbumHV
rarepizzas-unopenedbox.23.png,https://gateway.pinata.cloud/ipfs/QmNnRsBFAsd124bWvnsMAaKqXNTiqVzbaAjs78HHf6QoiC
rarepizzas-unopenedbox.24.png,https://gateway.pinata.cloud/ipfs/QmW3CfMdUBQSFPmXGFNVEMkXrcJm1Y5QuaHid2NzxksaTZ
rarepizzas-unopenedbox.25.png,https://gateway.pinata.cloud/ipfs/QmUjwSAk1Ed4mSFBPFhaNCJhQ2vgJjFuemziuyWYcuMXWE
rarepizzas-unopenedbox.26.png,https://gateway.pinata.cloud/ipfs/QmVqpnPDzpqcjwagCS8x4WrnCEAMNvHJdeA8QBY75XahJr
rarepizzas-unopenedbox.27.png,https://gateway.pinata.cloud/ipfs/QmTV2BWswGpy4x1Xy5rnDek68u7NApeSqkbWk759y5bg83
rarepizzas-unopenedbox.28.png,https://gateway.pinata.cloud/ipfs/QmYoir8fvsaM7hp56VR8ftNy4zZpXFptnSiHaZUChFgmFR
rarepizzas-unopenedbox.29.png,https://gateway.pinata.cloud/ipfs/QmTVJES8E4wkABwT6hb9b6cheKhCBb4QqH1s17GATBABjw
rarepizzas-unopenedbox.30.png,https://gateway.pinata.cloud/ipfs/QmVe5JmeZgkk7UKnaXs6Ln21F2dWw7Fs8DvDmhpUbdgadL
rarepizzas-unopenedbox.31.png,https://gateway.pinata.cloud/ipfs/QmaQ6DNhQv7AzDBCBFWTTJ7ZtHSqfNzFkfdrYVPHnNwrW7
rarepizzas-unopenedbox.32.png,https://gateway.pinata.cloud/ipfs/Qme12aV7sGmfPZaHEPm6pcDSwqvRbt21cSQb1QaLV3nuWE
rarepizzas-unopenedbox.33.png,https://gateway.pinata.cloud/ipfs/QmTwUb3PSDH2zxizc1bqAxLXLDdb2H3Rna4R33L9UBFkDX
rarepizzas-unopenedbox.34.png,https://gateway.pinata.cloud/ipfs/QmWRzKu1KgNzYjoLQjQqFUH3CC6Rt9KaENMbR4sjV4DuNn
rarepizzas-unopenedbox.35.png,https://gateway.pinata.cloud/ipfs/QmXAyK6foHEgZGvQ6uAk8CtMZ41Y2beezKQMkn2Udq4WsN
rarepizzas-unopenedbox.36.png,https://gateway.pinata.cloud/ipfs/QmdmziX9oo31mbKw9vxp6gTtiGwD56EqXFjpn3wDBM6pk8
rarepizzas-unopenedbox.37.png,https://gateway.pinata.cloud/ipfs/QmVeSMzi2cUTkivFq7CWUhvjjp4wSMgn6b5Qrsx7ZegkEM
rarepizzas-unopenedbox.38.png,https://gateway.pinata.cloud/ipfs/QmQAMjvUJHM8jyMFZKuf4FBAFKeTUVGj4ThPtZYjxCaehU
rarepizzas-unopenedbox.39.png,https://gateway.pinata.cloud/ipfs/QmPwd9k83FiVf5nGgBokQnAUYsSbgzgEKwa3b3TE3aqxTb
rarepizzas-unopenedbox.40.png,https://gateway.pinata.cloud/ipfs/Qmb8W1Px7jAKs5hai7Rc52LwUoGW5fNMg4nAPscEEHJmpU
rarepizzas-unopenedbox.41.png,https://gateway.pinata.cloud/ipfs/QmWtvetN87YxG3VuLXqac1b3NALyosAC5VBCwcY5DBBuFd
rarepizzas-unopenedbox.42.png,https://gateway.pinata.cloud/ipfs/QmRwHzpKVUjZ8ssKiBTgWcHrwn5Q2uNpksVwztVxvpGKHU
rarepizzas-unopenedbox.43.png,https://gateway.pinata.cloud/ipfs/QmRNo93qa1JW529e8WXaJ6JzpynWUq5HbZBKD2HeBKnA88
rarepizzas-unopenedbox.44.png,https://gateway.pinata.cloud/ipfs/QmXkL3fT7znYTbNhfkHy5rQ6mXf6okeSY4t6WfzSkQDLFp
rarepizzas-unopenedbox.45.png,https://gateway.pinata.cloud/ipfs/QmT996hebcRh54q4xZknwGq9yQ7PxUH19UGvSq81cCm52A
rarepizzas-unopenedbox.46.png,https://gateway.pinata.cloud/ipfs/QmaAUtGHb3bRyuSpnzxnKZSfAt2Zx2iNqcdcBZJHe21Jtw
rarepizzas-unopenedbox.47.png,https://gateway.pinata.cloud/ipfs/QmSaciSCjcm43W1q5LeT7jfsuUi5D1gUCAVG67uSrXSVC7
rarepizzas-unopenedbox.48.png,https://gateway.pinata.cloud/ipfs/QmR3neR1ygpYL5pwTfEtLQHvJmU1jtpSFdR89FHJ3rjvmG
rarepizzas-unopenedbox.49.png,https://gateway.pinata.cloud/ipfs/Qmb7PtznhxMDTeYSJB32iiyReUi8X8gGXsS83R2wW9dQ8D
rarepizzas-unopenedbox.50.png,https://gateway.pinata.cloud/ipfs/QmZS37qmcgZ919HfpKQggkfJVfT3frQ2vRqZnvoYb6quZY
rarepizzas-unopenedbox.51.png,https://gateway.pinata.cloud/ipfs/QmW73VzNaKPX23EM2Npa737dHBZYzWv1F4MMxn1czsozLn
rarepizzas-unopenedbox.52.png,https://gateway.pinata.cloud/ipfs/Qme9QQ1c8uATq2g1AGHoKDn7sbkxBLyKNzoA4zCTx5j2W2
rarepizzas-unopenedbox.53.png,https://gateway.pinata.cloud/ipfs/QmdQR65bJA1zgmbtR7h3dyDZSTqxXAPpQ44MCATPiZLLUL
rarepizzas-unopenedbox.54.png,https://gateway.pinata.cloud/ipfs/QmUqVRtb3vHc1R6wiAt8bwR5R57QGdaD1NqzwdkvURiZrW
rarepizzas-unopenedbox.55.png,https://gateway.pinata.cloud/ipfs/QmSJKtnHAozkaVrcfT1sU8PNgVmUaw9Ew3CEQ7mgTnE25Q
rarepizzas-unopenedbox.56.png,https://gateway.pinata.cloud/ipfs/QmUUvmAaybPU8np93FRz8t76LfnsovV3SokiCtEgEfCygf
rarepizzas-unopenedbox.57.png,https://gateway.pinata.cloud/ipfs/QmQv6DHnun4U7NiChffAtZpzkWunCMwdY4GKNSTTeeqETX
rarepizzas-unopenedbox.58.png,https://gateway.pinata.cloud/ipfs/QmVLz6TzkMMctQ3Zs6EKsPgpz5D9NGsM466pF5xW9SEhaV
rarepizzas-unopenedbox.59.png,https://gateway.pinata.cloud/ipfs/QmWW132yD2wkhAHzFb5XkLsmvZoAnmnEusRw3k3Y6yLXcU
rarepizzas-unopenedbox.60.png,https://gateway.pinata.cloud/ipfs/QmYvNKEcFMXAncpX4HHuVNrJrLBGh2iwombz4CVLJBheAU
rarepizzas-unopenedbox.61.png,https://gateway.pinata.cloud/ipfs/QmVPkX8LLqJuRZwYDd5cpxTxRpqZoHJw17AkDVAPXvosiR
rarepizzas-unopenedbox.62.png,https://gateway.pinata.cloud/ipfs/Qmf63kqBqXvqLdHgP9zEomTDQxP2gcf1wjYT4sDEXXK93Y
rarepizzas-unopenedbox.63.png,https://gateway.pinata.cloud/ipfs/QmVfBXkSzZWnf4nNHEE5cZLuWABhin4xgypRwjHFBXAJJM
rarepizzas-unopenedbox.64.png,https://gateway.pinata.cloud/ipfs/QmZTXpY1XwkTVB2JGFB6XJdPe4DfbXtFhxPQ6ZjcFRMH9b
rarepizzas-unopenedbox.65.png,https://gateway.pinata.cloud/ipfs/QmWMNBCxKZsFeTeH2fAHpJAKdy4mEoo69Knvvk82RYEjZV
rarepizzas-unopenedbox.66.png,https://gateway.pinata.cloud/ipfs/QmeJBew8G2Rva7MC7eUQreeL46ZUUFNFTKpm4HXVCf2EUx
rarepizzas-unopenedbox.67.png,https://gateway.pinata.cloud/ipfs/QmTzyvgmsCVSvUw9DdshzrrLUvvQM3mCnbY78yAVG86e1f
rarepizzas-unopenedbox.68.png,https://gateway.pinata.cloud/ipfs/QmQXhFazWKgfw1j44zbV5HtuvVsX4v4MtgZ4M5jPh8LMzr
rarepizzas-unopenedbox.69.png,https://gateway.pinata.cloud/ipfs/QmWmXP3CAEUMW1mvyR7DtXCzf6C572BoF5M9kaCzeVXPEB
rarepizzas-unopenedbox.70.png,https://gateway.pinata.cloud/ipfs/QmXD8xmKUNkxi7r7KLm7KyCZk33tAXpRC5g37StjShyQS5
rarepizzas-unopenedbox.71.png,https://gateway.pinata.cloud/ipfs/QmXD8xmKUNkxi7r7KLm7KyCZk33tAXpRC5g37StjShyQS5
rarepizzas-unopenedbox.72.png,https://gateway.pinata.cloud/ipfs/Qmc9oPVqdAL3JJqra6N7YoD8Mm1MPhhZeBncVS78Jvu5sA
rarepizzas-unopenedbox.73.png,https://gateway.pinata.cloud/ipfs/Qmb6jksqYukNx5P4jm5uTiMXK2QrfLrBFGzGW5ATCUNcsa
rarepizzas-unopenedbox.74.png,https://gateway.pinata.cloud/ipfs/QmYfiR74832ga5p41G2Ra1vhwATrCAgVdzg55rs3TCG62u
rarepizzas-unopenedbox.75.png,https://gateway.pinata.cloud/ipfs/QmRJ62oBB2vgDsGnpHhVgwqFeR4nRLhMVEHrgCjmR3prh2
rarepizzas-unopenedbox.76.png,https://gateway.pinata.cloud/ipfs/QmQCECQ6Nh1Kj1y9eNEuga7WQsBY2ZJM67MePM5JSKf8g9
rarepizzas-unopenedbox.77.png,https://gateway.pinata.cloud/ipfs/QmUiZE3ve9H1qPdQ3k5NMZ3AEG8GpGmzWGx5xzywkAN2vi
rarepizzas-unopenedbox.78.png,https://gateway.pinata.cloud/ipfs/QmV3bsFE1ExRsNeVtku7hdRWwd8nqeR41m85eYXBNoEz6K
rarepizzas-unopenedbox.79.png,https://gateway.pinata.cloud/ipfs/QmVat1xNq4D1ivEg4aUYUVax78RYcvmkrcv2zutDTDGurs
rarepizzas-unopenedbox.80.png,https://gateway.pinata.cloud/ipfs/QmcAKd9RCLbTjadfS4B6qUaaxxo1LGB2h44PszMD3a2KWZ
rarepizzas-unopenedbox.81.png,https://gateway.pinata.cloud/ipfs/QmeZaPrgMhJuPJx9FQrgV1hphLpnswYVQfgqQjLQPN8ybc
rarepizzas-unopenedbox.82.png,https://gateway.pinata.cloud/ipfs/QmUtV2CZquxs7ncAYr5CW6198VxUQkP8uYYzVZefb4oSJE
rarepizzas-unopenedbox.83.png,https://gateway.pinata.cloud/ipfs/QmfKADUSSoFWFrbPM69d1JbdPhwKf7McoYACWPUBF8aGpH
rarepizzas-unopenedbox.84.png,https://gateway.pinata.cloud/ipfs/QmNzQp799Vo69NerpNp6pGxohC2U9t8ZRg8eEK1xASUmqF
rarepizzas-unopenedbox.85.png,https://gateway.pinata.cloud/ipfs/QmTFeh2JvL6tB6EjiapjFfexzhycLjKxgmbRdc8FT7iomK
rarepizzas-unopenedbox.86.png,https://gateway.pinata.cloud/ipfs/QmPzHDYtWpxfcMPpmu7fYugyLRDoSwoHkusKQ42YVSRGoA
rarepizzas-unopenedbox.87.png,https://gateway.pinata.cloud/ipfs/QmUUXMcMTpgsMjgGGGPQxom9fRBWZ1WmTHbnuzqiXeMBQc
rarepizzas-unopenedbox.88.png,https://gateway.pinata.cloud/ipfs/QmdsjqqRQohuTXyqAU4zQtUSckYoQy3bCazQGvQf1itSVa
rarepizzas-unopenedbox.89.png,https://gateway.pinata.cloud/ipfs/QmU8ps9LrP4GWsDf4oKVkuETdgctpmagGQhknKEKMCXHNY
rarepizzas-unopenedbox.90.png,https://gateway.pinata.cloud/ipfs/QmS6oJ5XgBtYPQLwMKGTwvUR5HbahUiR9kb1Bgakp6AcA9
rarepizzas-unopenedbox.91.png,https://gateway.pinata.cloud/ipfs/QmacXLaKGaNx1DNJ6AqE1PxE6RcLgZYvqoMRpLRQuXqJFq
rarepizzas-unopenedbox.92.png,https://gateway.pinata.cloud/ipfs/QmU8BUXyWVMDdiptLYHcsHS9ZpazbyBKvkmBecaxJdGs2V
rarepizzas-unopenedbox.93.png,https://gateway.pinata.cloud/ipfs/QmPLEqXwN6ToTGpSqTcT6KFU9ND2aivhn5hgmipR4XyMTg
rarepizzas-unopenedbox.94.png,https://gateway.pinata.cloud/ipfs/QmR4Kry3SLFJH1vkWAoU6QoY1ig54TQ8UQhA2222g4Y8t2
rarepizzas-unopenedbox.95.png,https://gateway.pinata.cloud/ipfs/QmQUfEXG3YFsY49oxTwgwgdUyHroNAP9DZFMPLpPcK7XPA
rarepizzas-unopenedbox.96.png,https://gateway.pinata.cloud/ipfs/QmRvzSvmdd8f51scCBb48FZ1HNzDidh1EdS7GTfj5rFSqZ
rarepizzas-unopenedbox.97.png,https://gateway.pinata.cloud/ipfs/QmeXgWZSouqRj95xsbPF7q59aVY24KeGB326Y4zwme6UPP
rarepizzas-unopenedbox.98.png,https://gateway.pinata.cloud/ipfs/QmbGjHM7GYnwwByeigxNmcpddpxafAwbb5cvjeSqTM6iP5
rarepizzas-unopenedbox.99.png,https://gateway.pinata.cloud/ipfs/QmWoCj78NSawhjk2QAJpECLeQbh86dwb1VW1EcagfpgiPd
rarepizzas-unopenedbox.100.png,https://gateway.pinata.cloud/ipfs/Qmc9aXru1gshxoW5fxVX71h6ZddgYtpn3c5zRDGSNHzy7v